[
  {
    "createdAt": "2025-09-19T05:10:13.228Z",
    "agent": "박소장",
    "buildingType": "단독/다가구",
    "dealType": "월세",
    "address": "천호동665-885",
    "depositMan": "8000",
    "rentMan": "500",
    "datePrelim": "2025-09-19",
    "dateSign": "2025-09-23",
    "dateInterim": "",
    "dateClosing": "2025-10-02",
    "landlord": {
      "dueStage": "잔금및입주",
      "expect": "191.4",
      "received": "191.4",
      "vatIncluded": true,
      "receivedDate": "2025-10-02",
      "receivedCash": "174",
      "receivedBank": "17.4"
    },
    "tenant": {
      "dueStage": "잔금및입주",
      "expect": "191.4",
      "received": "191.4",
      "vatIncluded": true,
      "receivedDate": "2025-10-02",
      "receivedCash": "174",
      "receivedBank": "17.4"
    },
    "landlordName": "신길아",
    "landlordPhone": "010-5487-5484",
    "tenantName": "박현황",
    "tenantPhone": "010-8548-9856",
    "_id": "1758258613410_qbftax",
    "paidDone": false,
    "receiptIssued": false
  },
  {
    "createdAt": "2025-09-19T04:13:43.622Z",
    "agent": "박소장",
    "buildingType": "단독/다가구",
    "dealType": "월세",
    "address": "천호동599-222",
    "depositMan": "50000",
    "rentMan": "50",
    "datePrelim": "2025-09-19",
    "dateSign": "",
    "dateInterim": "2025-09-25",
    "dateClosing": "2025-10-02",
    "landlord": {
      "dueStage": "잔금및입주",
      "expect": "181.5",
      "received": "50",
      "vatIncluded": true,
      "receivedDate": "2025-10-02",
      "receivedCash": "50",
      "receivedBank": "0"
    },
    "tenant": {
      "dueStage": "잔금및입주",
      "expect": "181.5",
      "received": "30",
      "vatIncluded": true,
      "receivedDate": "2025-10-02",
      "receivedCash": "30",
      "receivedBank": "0"
    },
    "memo": "가나다마바사가나다마바사가나다마바사가나다마바사가나다마바사가나다마바사가나다마바사가나다마바사가나다마바사가나다마바사가나다마바사가나다마바사가나다마바사가나다마바사가나다마바사가나다마바사가나다마바사가나다마바사가나다마바사가나다마바사",
    "_id": "1758255223638_gm2hfn",
    "landlordName": "홍길동",
    "tenantName": "백두산",
    "paidDone": true,
    "receiptIssued": false
  }
]